,,,,,,,D0,,,,,,,,,,,,,,,,,D3,,,,,,,,,,,,,,,,,,,,D7,,,,,,,,,,,,,,,,,,,,D15,,,,,,,,,,,,,,,,,,,
Show name ,Show ID ,Adest ID,,Adset Name,Asset Link ,Time,CPI (₹),Total Cost $,Show DRR $,Installs,Act% ,Recovery ,Conversion ,Bingers ,ARPU($) D0,ARPPU($) D0,"Whales % ($30 , $100]  D0",Super Whales %  (>= $100)  D0,H1,H4,H5,H10,H20,Installs,Act% ,Recovery ,Conversion ,Bingers ,ARPU($) D3,ARPPU($) D3,"Whales % ($30 , $100]  D3",Super Whales %  (>= $100)  D3,H1,H4,H5,H5/H1,H10,H20,H30,CPD3 H20 $,CPD3 H30 $,CPWD3 $,CPSWD3 $,Installs,Act% ,Recovery ,Conversion ,Bingers ,ARPU($) D7,ARPPU($) D7,"Whales % ($30 , $100]  D7",Super Whales %  (>= $100)  D7,H1,H4,H5,H5/H1,H10,H20,H30,CPD7 H20 $,CPD7 H30 $,CPWD7 $,CPSWD7 $,Installs,Act% ,Recovery ,Conversion ,Bingers ,ARPU($) D15,ARPPU($) D15,"Whales % ($30 , $100]  D15",Super Whales %  (>= $100)  D15,H1,H4,H5,H5/H1,H10,H20,H30,CPD15 H20 $,CPD15 H30 $,CPWD15 $,CPSWD15 $
Super Yoddha | सुपर योद्धा,f629196ee7df34287ef2672e91fda9f939e9d02d,,Show Level,,,,63,"$11,031,445","$1,553","174,023",12.43%,1.50%,1.32%,0.18%,$0.010,$0.754,0.07%,0.01%,4.47%,0.70%,0.33%,0.03%,0.00%,"162,846",19.46%,4.43%,2.36%,4.44%,$0.030,$1.264,0.29%,0.08%,7.88%,3.38%,2.55%,13.12%,0.95%,0.29%,0.10%,"22,122.79","60,417.22","22,057.52","83,926.15","145,431",21.06%,8.55%,2.94%,7.98%,0.06,1.99,0.53%,0.20%,8.91%,5.03%,4.13%,46.40%,2.03%,0.81%,0.44%,"7,792.95","14,260.97","11,880.16","31,789.68","122,550",22.00%,16.31%,3.53%,10.49%,$0.11,$3.24,0.88%,0.42%,9.78%,6.04%,5.35%,54.72%,3.44%,1.72%,1.04%,"$5,240.18","$8,680.07","$10,242.75","$21,296.23"
Brahmyodha : The Destroyer | ब्रह्मयोद्धा : द डिस्ट्रोयर | Author - Ajit Kumar,f43f4253dc3c596ff8f2e3cc9f3b677981a70310,,Show Level,,,,86,"$41,076,995","$4,202","479,306",22.24%,1.41%,2.01%,0.20%,$0.013,$0.628,0.07%,0.01%,17.50%,1.94%,0.83%,0.04%,0.00%,"447,643",29.76%,5.39%,4.59%,5.93%,$0.049,$1.071,0.45%,0.11%,23.41%,12.12%,9.01%,30.27%,2.27%,0.48%,0.12%,"17,683.84","73,830.05","19,143.47","77,345.79","397,295",31.23%,11.43%,5.65%,11.72%,0.10,1.83,0.90%,0.37%,24.58%,15.18%,13.23%,53.82%,6.14%,2.12%,0.97%,"4,034.68","8,877.76","9,476.36","23,130.83","318,496",32.11%,25.08%,6.78%,15.47%,$0.22,$3.31,1.58%,0.84%,25.32%,16.51%,14.92%,58.94%,11.22%,5.69%,3.38%,"$2,265.69","$3,819.44","$8,140.51","$15,270.26"
Divine Flame Burst ,9e8043f6d71ede076b7ac420a611f3f56e40f224,120248067261120246,DFB-Hasim-LP1-V1(Nau Rangi Anda (Extension - 15 Mins)),India || Meta || Android || Scaling - CPS || Fantasy || Hindi || Divine Flame Burst || 628685 || GenAI || Gen AI || 27 May 2026 ||  ||  || Growth ||  ||  ||  || Divine Flame Burst,DFB LA V1 1x1.mp4,10 Mins,54,$151,$0,267,12.34%,0.00%,0.00%,0.00%,$0.000,,0.00%,0.00%,9.72%,1.12%,0.37%,0.00%,0.00%,266,17.26%,0.20%,0.38%,0.38%,$0.001,$0.301,0.00%,0.00%,12.38%,3.75%,1.50%,8.70%,0.00%,0.00%,0.00%,,,,,263,18.22%,0.75%,0.38%,2.28%,0.00,1.13,0.00%,0.00%,12.91%,5.31%,2.66%,20.59%,0.38%,0.38%,0.00%,150.61,,,,262,19.05%,0.83%,0.38%,3.81%,$0.00,$1.24,0.00%,0.00%,13.72%,6.10%,3.43%,25.00%,0.38%,0.38%,0.38%,$150.61,$150.61,,
Primordial God,abef90c631978edd56192a52e96c3ff23955322c,120250399688750246,PG-Prakash-LP1(Rehasmayi Beej),India || Meta || Android || Scaling - CPS || Fantasy || Hindi || Primordial God || 653918 || GenAI || Gen AI || 27 Jun 2026 ||  ||  || Growth ||  ||  ||  || PG  Prakash LP1 (1x1) with logo,PG Prakash,10 Mins,95,"$2,749",$0,"2,770",22.86%,0.46%,1.01%,0.11%,$0.005,$0.454,0.00%,0.00%,19.71%,2.71%,0.83%,0.00%,0.00%,"2,770",26.50%,1.10%,2.13%,2.09%,$0.011,$0.511,0.00%,0.00%,23.18%,6.90%,4.84%,18.26%,0.51%,0.11%,0.00%,923.19,,,,"2,768",26.99%,2.03%,2.78%,3.94%,0.02,0.73,0.14%,0.00%,23.52%,7.80%,5.67%,24.12%,1.66%,0.47%,0.11%,211.46,916.34,687.25,,"2,768",27.50%,5.57%,3.11%,4.81%,$0.06,$1.78,0.36%,0.14%,23.78%,8.38%,6.03%,25.38%,2.53%,1.12%,0.87%,$88.68,$114.54,$274.90,$687.25
Primordial God,abef90c631978edd56192a52e96c3ff23955322c,120250306816390246,PG-Hasim-LP1-V1(Divine Tree),India || Meta || Android || Scaling - CPS || Fantasy || Hindi || Primordial God || 653918 || GenAI || Gen AI || 26 Jun 2026 ||  ||  || Growth ||  ||  ||  || PG  new script,PG_LA,10 Mins,142,"$4,642",$0,"3,144",34.35%,0.39%,1.37%,0.29%,$0.006,$0.416,0.00%,0.00%,30.38%,4.99%,1.72%,0.19%,0.00%,"3,141",41.13%,1.21%,2.99%,4.20%,$0.018,$0.597,0.06%,0.00%,36.07%,12.48%,7.26%,17.65%,1.85%,0.45%,0.10%,224.14,"1,045.99","2,321.25",,"3,138",42.19%,2.26%,3.63%,7.36%,0.03,0.92,0.29%,0.03%,36.58%,14.18%,9.11%,24.91%,3.70%,1.08%,0.64%,136.54,232.12,515.83,"4,642.49","3,052",42.79%,5.50%,4.36%,9.17%,$0.08,$1.87,0.62%,0.16%,36.99%,14.84%,10.26%,27.72%,5.08%,2.36%,1.47%,$64.48,$103.17,$244.34,$928.50
Primordial God,abef90c631978edd56192a52e96c3ff23955322c,120250299680830246,PG-Shailendra-LP3-30 Mins(Rehasmayi Sandook (Extension)),India || Meta || Android || Scaling - CPS || Fantasy || Hindi || Primordial God || 653918 || GenAI || Gen AI || 26 Jun 2026 ||  ||  || Growth ||  ||  ||  || PG Super Long,PG 30 Minutes,30 Mins,155,"$1,522",$0,943,21.31%,0.43%,2.01%,0.00%,$0.007,$0.341,0.00%,0.00%,18.02%,2.01%,0.53%,0.00%,0.00%,943,28.10%,1.37%,3.39%,2.86%,$0.022,$0.651,0.21%,0.00%,23.86%,7.32%,4.67%,16.60%,0.85%,0.11%,0.00%,943.18,,760.96,,943,29.26%,3.35%,4.13%,4.45%,0.05,1.31,0.53%,0.21%,24.70%,8.16%,5.83%,23.61%,1.59%,0.64%,0.32%,253.65,507.31,304.38,760.96,943,29.58%,9.62%,4.45%,5.73%,$0.16,$3.49,0.74%,0.64%,24.81%,8.59%,6.57%,26.50%,2.44%,1.17%,1.06%,$138.36,$152.19,$217.42,$253.65
Primordial God,abef90c631978edd56192a52e96c3ff23955322c,120249699927300246,"PG-Shaieldra-LP3, Edited, Pranjali-LP3 (Rehasmayi Sandook, The Angry Lover, Soul Master)",India || Meta || Android || Scaling - CPS || Fantasy || Hindi || Primordial God || 653918 || GenAI || Gen AI || 18 Jun 2026 ||  ||  || Growth ||  ||  ||  || Primordial God PG,,10 Mins,138,"$3,934",$0,"2,739",20.95%,0.21%,0.84%,0.07%,$0.003,$0.356,0.00%,0.00%,17.34%,2.88%,0.95%,0.04%,0.00%,"2,739",25.44%,0.73%,1.64%,2.37%,$0.010,$0.639,0.11%,0.00%,21.25%,7.74%,4.45%,17.50%,0.95%,0.29%,0.07%,342.41,"1,369.65","1,311.34",,"2,739",26.36%,1.58%,2.23%,4.27%,0.02,1.02,0.22%,0.07%,21.87%,8.62%,5.40%,24.71%,1.79%,0.73%,0.44%,196.70,327.83,655.67,"1,967.00","2,735",26.84%,3.37%,2.71%,5.45%,$0.05,$1.79,0.33%,0.11%,22.16%,9.29%,6.11%,27.56%,2.71%,1.46%,1.13%,$98.35,$126.90,$437.11,"$1,311.34"
The Warrior,a3ba65aa427077188e1ad7dbcbcafae266683ca9,120249613341460246,ROAS-Akshay-LP1 (Phoenix),India || Meta || Android || Scaling - ROAS || Fantasy || Hindi || The Warrior | Author - Dayaram Prajapati || 349022 || GenAI || Gen AI || 17 Jun 2026 ||  ||  || Growth ||  ||  ||  || The Warrior Adset,TW 16 9 logo.mp4,10 Mins,130,"$7,478","$1,119","5,497",16.45%,0.80%,1.46%,0.05%,$0.011,$0.744,0.11%,0.02%,13.63%,1.73%,0.64%,0.04%,0.00%,"5,494",19.95%,2.51%,2.69%,1.84%,$0.034,$1.270,0.35%,0.15%,16.33%,4.88%,3.46%,17.34%,0.93%,0.18%,0.05%,549.08,"1,830.27",393.59,934.79,"5,437",20.67%,5.11%,3.07%,3.53%,0.07,2.25,0.50%,0.22%,16.83%,5.87%,4.51%,26.78%,1.88%,0.70%,0.31%,196.80,439.90,276.97,623.19,"4,961",21.47%,9.38%,3.49%,4.86%,$0.12,$3.57,0.73%,0.42%,17.23%,6.39%,5.14%,29.82%,3.10%,1.47%,1.01%,$102.44,$149.57,$207.73,$356.11
The Warrior,a3ba65aa427077188e1ad7dbcbcafae266683ca9,120249609894260246,CPS-Akshay-LP1 (Phoenix),India || Meta || Android || Scaling - CPS || Fantasy || Hindi || The Warrior | Author - Dayaram Prajapati || 349022 || GenAI || Gen AI || 17 Jun 2026 ||  ||  || Growth ||  ||  ||  || The Warrior Adset,https://drive.google.com/drive/folders/1OjiT9WfwJiV66TnB0ZYQraXrtgENuXVg,10 Mins,77,"$2,788","$1,119","3,510",14.70%,0.48%,1.08%,0.14%,$0.004,$0.350,0.00%,0.00%,12.02%,1.51%,0.68%,0.06%,0.00%,"3,510",17.63%,1.61%,2.08%,1.54%,$0.013,$0.616,0.09%,0.00%,14.47%,4.42%,3.42%,19.39%,0.85%,0.11%,0.03%,877.59,"3,510.34",929.49,,"3,509",18.07%,3.33%,2.42%,3.02%,0.03,1.09,0.20%,0.09%,14.73%,5.19%,4.27%,29.01%,1.88%,0.60%,0.17%,132.79,464.75,398.35,929.49,"3,505",18.51%,7.34%,2.68%,3.77%,$0.06,$2.18,0.43%,0.20%,14.92%,5.51%,4.74%,31.74%,2.74%,1.48%,0.77%,$53.62,$103.28,$185.90,$398.35
King Of Dragon,859785ba4869b28dddcfcb0e75295d1e1ad9b5a9,120250302497300246,KODGN-Hasim-LP1 (Contract Marriage),India || Meta || Android || Scaling - CPS || Fantasy || Hindi || King of Dragon | किंग ऑफ ड्रैगन | Author - Nitesh  || 346826 || GenAI || GenAI || 26 Jun 2026 || ||  || Growth ||  ||  ||  || KoD new script UGC,https://drive.google.com/drive/folders/1XkSzjb9K4TFebmjPSnIWOhRoM_oZUOAe,10 Mins,92,"$6,643","$2,312","6,955",28.47%,0.95%,2.06%,0.23%,$0.009,$0.440,0.03%,0.00%,25.89%,5.72%,2.47%,0.06%,0.00%,"6,555",33.24%,3.59%,4.38%,5.00%,$0.035,$0.800,0.31%,0.05%,29.85%,15.68%,11.70%,35.20%,2.78%,0.55%,0.12%,171.63,772.31,332.17,"2,214.45","6,092",33.58%,6.38%,4.88%,8.58%,0.06,1.25,0.44%,0.20%,30.01%,17.12%,13.89%,46.28%,5.97%,1.74%,0.67%,62.67,162.03,246.05,553.61,"5,487",33.66%,10.56%,5.05%,9.95%,$0.10,$2.00,0.69%,0.31%,30.02%,17.66%,14.54%,48.45%,8.02%,3.81%,1.90%,$31.79,$63.88,$174.83,$390.79
King Of Dragon,859785ba4869b28dddcfcb0e75295d1e1ad9b5a9,120250573406180246,KODGN-Hasim-LP1 (Contract Marriage Q4 Edits),India || Meta || Android || Scaling - CPS || Fantasy || Hindi || King of Dragon | किंग ऑफ ड्रैगन | Author - Nitesh || 346826 || GenAI || Gen AI || 30 June 2026 || Short || 10:15 || Growth ||  ||  ||  || KOD LA v1,https://drive.google.com/drive/folders/1Qpn2KCqGsm2mmbM5F6OjFwHO2Bnp_YBi?usp=drive_link,10 Mins,122,"$9,040","$2,312","7,127",30.60%,1.21%,2.85%,0.28%,$0.015,$0.539,0.07%,0.00%,27.98%,6.06%,2.54%,0.13%,0.00%,"6,627",35.20%,4.60%,6.34%,5.21%,$0.060,$0.953,0.50%,0.15%,32.11%,15.65%,11.95%,33.95%,3.08%,0.44%,0.09%,212.49,"1,027.04",273.92,903.95,"5,893",35.31%,7.45%,6.96%,8.67%,0.10,1.39,0.85%,0.32%,32.14%,16.83%,13.49%,41.97%,6.19%,1.78%,0.73%,86.09,210.22,180.79,475.76,"4,883",34.98%,13.47%,7.37%,9.56%,$0.18,$2.38,1.19%,0.66%,31.89%,17.39%,14.03%,43.99%,7.41%,3.65%,2.17%,$50.78,$85.28,$155.85,$282.48
King Of Dragon,859785ba4869b28dddcfcb0e75295d1e1ad9b5a9,120250590891990246,KODGN-Hasim-LP1 (Contract Marriage Q4 Edits),India || Meta || Android || Scaling - CPS || Fantasy || Hindi || King of Dragon | किंग ऑफ ड्रैगन | Author - Nitesh || 346826 || GenAI || Gen AI || 30 June 2026 || Short || 12:05 || Growth ||  ||  ||  || KOD LA V2,,10 Mins,110,"$11,081","$2,312","9,647",30.93%,1.12%,2.66%,0.32%,$0.013,$0.482,0.04%,0.00%,27.90%,6.27%,2.87%,0.15%,0.00%,"9,182",35.39%,3.37%,5.21%,5.14%,$0.039,$0.759,0.24%,0.07%,32.16%,15.85%,11.76%,33.24%,2.77%,0.45%,0.10%,213.16,971.05,503.66,"1,846.76","8,430",35.55%,5.44%,5.78%,8.34%,0.06,1.08,0.42%,0.15%,32.17%,17.26%,13.67%,42.48%,5.81%,1.42%,0.52%,92.34,251.83,316.59,852.35,"7,123",35.57%,8.99%,6.20%,9.78%,$0.10,$1.66,0.70%,0.31%,31.97%,18.14%,14.73%,46.07%,7.61%,3.54%,1.94%,$43.97,$80.29,$221.61,$503.66
The Warrior,a3ba65aa427077188e1ad7dbcbcafae266683ca9,120250749050080246,TWAR-Hasim-LP1 (Frozen Cloud),India || Meta || Android || Scaling - CPS || Fantasy || Hindi || The Warrior | Author - Dayaram Prajapati || 349022 || GenAI || Gen AI || 05 Jul 2026 || Short || 10:26 || Growth ||  ||  ||  || The Warrior Adset 2,https://drive.google.com/drive/u/0/folders/10YB15chaGxC_rMfLNUXjYWhXcz_fBIgK,10 Mins,130,"$9,488","$1,119","6,993",25.95%,0.78%,1.99%,0.11%,$0.011,$0.530,0.04%,0.00%,22.32%,3.05%,1.22%,0.03%,0.00%,"6,659",30.68%,2.57%,4.28%,3.59%,$0.036,$0.834,0.35%,0.06%,26.37%,9.48%,7.10%,23.15%,1.91%,0.36%,0.12%,264.19,792.57,412.54,"2,372.12","6,071",31.71%,4.70%,4.73%,5.95%,0.06,1.37,0.59%,0.20%,27.20%,10.85%,8.85%,32.53%,4.05%,1.35%,0.59%,115.71,263.57,263.57,790.71,"5,064",32.31%,9.45%,5.31%,7.68%,$0.13,$2.48,0.95%,0.43%,27.39%,11.59%,9.60%,35.04%,5.69%,2.92%,1.70%,$64.11,$110.33,$197.68,$431.29
King Of Dragon,859785ba4869b28dddcfcb0e75295d1e1ad9b5a9,120250808180740246,KOD-Hasim-LP4-V2-Extension (Old Base Asset),India || Meta || Android || Scaling - CPS || Fantasy || Hindi || King of Dragon | किंग ऑफ ड्रैगन | Author - Nitesh  || 346826 || GenAI || GenAI || 06 Jul 2026 || ||  || Growth ||  ||  ||  || KoD Extended,,10 Mins,148,"$9,566","$2,312","6,210",36.31%,0.87%,2.82%,0.40%,$0.013,$0.478,0.05%,0.00%,32.58%,6.23%,2.96%,0.11%,0.00%,"6,018",42.37%,3.02%,5.50%,6.98%,$0.047,$0.860,0.28%,0.08%,38.39%,16.23%,12.18%,28.75%,3.44%,0.61%,0.13%,157.62,729.00,562.73,"1,913.29","5,739",43.56%,4.72%,6.31%,11.05%,0.07,1.16,0.51%,0.21%,39.17%,18.59%,15.09%,38.52%,6.83%,2.13%,0.82%,78.41,203.54,329.88,797.20,"5,116",44.33%,8.66%,7.08%,13.57%,$0.13,$1.85,0.90%,0.43%,39.78%,19.76%,16.34%,41.08%,9.79%,5.24%,2.85%,$35.70,$65.52,$207.97,$434.84
Billionaire Hidden Wife,99ef89ab3b48fa9fe5277ea15e46801ace8fd573,120250044193760104,BHW-Prakash-LP1,,,10 Mins,95,"$4,683",$164,"4,715",12.47%,2.20%,3.69%,0.17%,$0.022,$0.593,0.19%,0.00%,9.40%,1.19%,0.68%,0.08%,0.00%,"4,504",19.80%,3.57%,4.84%,1.67%,$0.036,$0.753,0.24%,0.07%,16.50%,4.91%,3.33%,16.82%,0.91%,0.18%,0.00%,537.80,,425.73,"1,561.02","4,175",20.84%,4.40%,5.32%,3.71%,0.04,0.83,0.36%,0.10%,17.56%,7.66%,6.04%,34.38%,1.77%,0.67%,0.24%,167.25,468.31,312.20,"1,170.77","3,515",21.77%,7.49%,5.72%,5.69%,$0.08,$1.37,0.65%,0.20%,18.44%,8.91%,7.54%,40.90%,3.70%,1.34%,0.94%,$99.64,$141.91,$203.61,$669.01
King Of Dragon,859785ba4869b28dddcfcb0e75295d1e1ad9b5a9,120251275887170246, KOD Balidaan,India || Meta || Android || Scaling - CPS || Fantasy || Hindi || King of Dragon | किंग ऑफ ड्रैगन | Author - Nitesh || 346826 || GenAI || KODBD || 19 Jul 2026 || || || Growth ||  ||  ||  || KOD Balidaan,,10 Mins,117,"$10,075","$2,312","8,203",39.65%,0.89%,2.28%,0.24%,$0.011,$0.481,0.01%,0.00%,36.74%,7.18%,2.63%,0.06%,0.00%,"7,614",46.07%,3.22%,5.12%,6.05%,$0.041,$0.799,0.33%,0.05%,42.91%,20.75%,14.79%,32.10%,2.81%,0.42%,0.05%,220.88,"1,767.06",403.00,"2,518.77","6,751",46.48%,5.44%,5.95%,11.18%,0.07,1.12,0.47%,0.18%,43.15%,22.96%,18.06%,41.85%,7.13%,1.90%,0.68%,78.71,219.02,314.85,839.59,"4,684",47.46%,12.34%,7.30%,14.18%,$0.15,$2.07,1.13%,0.53%,43.90%,24.87%,20.01%,45.57%,10.59%,5.02%,2.69%,$42.87,$79.96,$190.10,$403.00
King Of Dragon,859785ba4869b28dddcfcb0e75295d1e1ad9b5a9,120251259640240246,KoD Contract Marriage + Commando Maa,India || Meta || Android || Scaling - CPS || Fantasy || Hindi || King of Dragon | किंग ऑफ ड्रैगन | Author - Nitesh  || 346826 || GenAI || GenAI || 17 Jul 2026 || ||  || Growth ||  ||  ||  || KoD Contract Marriage + Commando Maa,https://drive.google.com/drive/folders/1jOBXZnfmOTB13-qNQHx5RT9H2HzlaNEX,30 Mins,75,"$17,515","$2,312","22,299",30.59%,1.31%,2.15%,0.18%,$0.010,$0.479,0.03%,0.00%,27.91%,4.83%,1.93%,0.04%,0.00%,"20,290",37.09%,4.64%,4.49%,5.02%,$0.038,$0.841,0.30%,0.03%,34.10%,15.16%,11.19%,30.18%,2.55%,0.34%,0.05%,271.50,"1,846.21",291.92,"2,502.16","17,303",37.52%,8.04%,4.92%,8.98%,0.06,1.28,0.54%,0.14%,34.33%,16.85%,13.68%,39.85%,6.01%,1.57%,0.56%,64.39,180.57,186.33,700.60,"12,575",38.38%,16.80%,5.34%,11.02%,$0.12,$2.30,0.91%,0.44%,34.91%,18.07%,15.09%,43.23%,8.37%,3.93%,2.07%,$35.46,$67.37,$152.31,$318.46
King Of Dragon,859785ba4869b28dddcfcb0e75295d1e1ad9b5a9,120251258255450246,KoD Ladkiyon Ka Dhoka,India || Meta || Android || Scaling - CPS || Fantasy || Hindi || King of Dragon | किंग ऑफ ड्रैगन | Author - Nitesh  || 346826 || GenAI || GenAI || 17 Jul 2026 || ||  || Growth ||  ||  ||  || KoD Ladkiyon Ka Dhoka,https://drive.google.com/drive/folders/1VsnuAloTPJy4qVtQcYXW_zKbZQVoK2wz?usp=drive_link,10 Mins,112,"$9,377","$2,312","8,033",36.72%,1.53%,3.37%,0.24%,$0.018,$0.529,0.09%,0.00%,34.21%,6.83%,2.71%,0.05%,0.00%,"7,412",41.68%,3.97%,6.22%,4.99%,$0.048,$0.767,0.31%,0.08%,39.06%,17.74%,12.63%,30.30%,2.58%,0.45%,0.08%,207.22,"1,139.69",407.68,"1,562.76","6,436",42.28%,6.32%,6.82%,8.31%,0.07,1.06,0.51%,0.20%,39.59%,19.41%,14.68%,37.09%,5.56%,1.55%,0.59%,93.77,246.75,284.14,721.27,"4,853",43.30%,11.45%,7.29%,9.64%,$0.12,$1.71,0.89%,0.52%,40.43%,20.24%,15.70%,38.84%,7.36%,3.52%,2.10%,$54.83,$91.93,$218.06,$375.06
King Of Dragon,859785ba4869b28dddcfcb0e75295d1e1ad9b5a9,120251435821280246,Balidaan_extenstion,India || Meta || Android || Scaling - CPS || Fantasy || Hindi || King of Dragon | किंग ऑफ ड्रैगन | Author - Nitesh || 346826 || GenAI || KODBDNE || 24 Jul 2026 || Short || 18:23 || Growth ||  ||  ||  || KODGN V2 Balidaan_extenstion,,18 Mins,90,"$8,550","$2,312","9,051",33.95%,1.79%,3.07%,0.19%,$0.017,$0.550,0.11%,0.00%,31.41%,4.89%,1.77%,0.06%,0.00%,"8,225",39.61%,4.83%,5.31%,3.62%,$0.047,$0.884,0.41%,0.05%,37.24%,14.81%,10.10%,25.51%,2.02%,0.24%,0.05%,373.73,"1,868.66",251.47,"2,137.47","6,829",40.21%,7.89%,5.93%,7.06%,0.07,1.22,0.59%,0.16%,37.63%,17.20%,12.77%,33.93%,4.99%,1.13%,0.47%,111.04,267.18,213.75,777.26,"4,454",40.70%,13.58%,6.38%,8.80%,$0.11,$1.79,0.81%,0.31%,38.01%,18.77%,14.12%,37.15%,6.89%,2.54%,1.26%,$75.66,$152.68,$237.50,$610.70
The Warrior,a3ba65aa427077188e1ad7dbcbcafae266683ca9,120251255595680246,TWAR Frozen Cloud Extension,India || Meta || Android || Scaling - CPS || Fantasy || Hindi || The Warrior | Author - Dayaram Prajapati || 349022 || GenAI || TWFC || 17 Jul 2026 || Long || 25:13 || Growth ||  ||  ||  || Warrior Frozen Cloud Extension,https://drive.google.com/drive/folders/1JT5pXaijMDyaulFM6Vr413gU8G2NdJ3P,25 Mins,85,"$2,781","$1,119","3,127",18.99%,0.95%,1.53%,0.10%,$0.008,$0.548,0.03%,0.00%,15.06%,1.95%,0.80%,0.00%,0.00%,"3,014",24.39%,4.11%,2.72%,2.85%,$0.037,$1.360,0.33%,0.10%,19.77%,6.67%,4.94%,20.27%,1.09%,0.23%,0.10%,414.97,968.26,278.12,927.07,"2,817",24.96%,8.54%,3.16%,5.29%,0.07,2.36,0.43%,0.21%,20.34%,7.99%,6.25%,30.72%,2.73%,1.03%,0.60%,95.90,163.60,231.77,463.54,"2,368",25.68%,17.11%,3.63%,6.88%,$0.14,$3.98,0.72%,0.46%,20.53%,8.28%,6.80%,33.13%,4.31%,2.24%,1.27%,$52.48,$92.71,$163.60,$252.84
The Warrior,a3ba65aa427077188e1ad7dbcbcafae266683ca9,120251517068920246,Phoenix - The warrior extension,India || Meta || Android || Testing - CPS || Fantasy || Hindi || The Warrior | Author - Dayaram Prajapati|| 349022 || || GenAI || GenAI || 28 July 2026 || Long ||  Growth ||  35:39||  ||  || Akshay LP1 30 Minuter V2 _Sarthak _PT Vinod _Sonali,https://drive.google.com/drive/folders/1LFim1OkyymzcgWW-gLuqrs7n609QlhUJ,35 Mins,158,"$1,777","$1,119","1,073",27.40%,1.14%,3.17%,0.00%,$0.019,$0.595,0.09%,0.00%,23.77%,3.54%,1.40%,0.00%,0.00%,924,34.52%,4.39%,5.84%,3.46%,$0.078,$1.334,0.65%,0.43%,30.09%,11.26%,8.98%,26.02%,1.73%,0.65%,0.22%,132.62,397.86,296.13,444.20,705,33.92%,9.68%,6.10%,7.52%,0.15,2.53,1.28%,0.43%,29.10%,13.48%,11.64%,40.00%,4.54%,1.42%,0.99%,177.68,253.83,197.42,592.27,338,32.27%,30.45%,5.03%,8.88%,$0.42,$8.28,1.18%,0.89%,27.23%,12.43%,12.43%,45.65%,6.51%,3.85%,1.48%,$136.68,$355.36,$444.20,$592.27
Primordial God,abef90c631978edd56192a52e96c3ff23955322c,120251559354700246, PG-Prakash lp1-30 Minuter-V2_Sarthak PT_Vinod _Sonali,India || Meta || Android || Testing - CPS || Fantasy || Hindi || Primordial God || 653918 || GenAI || Gen AI || 29 Jul 2026 || Super Long || 40:07 || Growth ||  ||  ||  || PG-Prakash lp1-30 Minuter-V2_Sarthak PT_Vinod _Sonali,https://drive.google.com/drive/folders/1eHwMSLiEPOfrHh_PkwkZYoz9g5KFCwYi,40 Mins,297,$481,$0,154,29.79%,0.06%,0.65%,0.65%,$0.002,$0.305,0.00%,0.00%,26.55%,3.89%,2.59%,0.00%,0.00%,154,33.03%,0.56%,2.59%,6.48%,$0.018,$0.678,0.00%,0.00%,30.44%,14.25%,9.07%,27.45%,3.24%,1.94%,0.00%,51.47,,,,154,33.03%,0.84%,3.24%,8.42%,0.03,0.81,0.00%,0.00%,31.08%,15.54%,11.66%,37.50%,5.83%,3.24%,1.94%,96.14,160.23,,,154,33.68%,2.51%,5.18%,9.71%,$0.08,$1.51,1.30%,0.00%,31.73%,15.54%,12.30%,38.78%,9.07%,5.83%,3.89%,$53.41,$80.12,$240.35,
The Warrior,a3ba65aa427077188e1ad7dbcbcafae266683ca9,120247227689770434, TWAR-Pranjali-LP7 ( Mystic Veins ),India || Meta || Android || Testing - CPS || Fantasy || Hindi || The Warrior | Author - Dayaram Prajapati || 349022 || GenAI || NA || 31 Jul 2026 || Short ||  || UGC ||  ||  ||  ||  TWAR-Pranjali-LP7------Non Content VO-FM-Ex-Purchase-7-DAY-CLICK - Bid-Applied,https://drive.google.com/file/d/1fywHfOzr-X0vZ0alBlk8X4mX2I34fILW/view?usp=drive_link,8 Mins,151,"$4,245","$1,119","2,683",27.39%,0.80%,2.65%,0.11%,$0.013,$0.479,0.00%,0.00%,23.37%,4.03%,1.38%,0.04%,0.00%,"2,363",33.01%,3.55%,5.63%,4.53%,$0.059,$1.045,0.51%,0.08%,28.61%,11.68%,8.34%,25.26%,1.90%,0.51%,0.17%,173.42,520.27,353.78,"2,122.67","1,800",34.23%,9.21%,7.50%,9.39%,0.14,1.84,1.11%,0.50%,29.90%,14.34%,11.34%,37.92%,5.83%,1.67%,0.89%,141.51,265.33,212.27,471.70,881,34.37%,15.20%,7.83%,11.00%,$0.18,$2.32,1.47%,0.57%,30.29%,14.52%,11.69%,38.58%,8.62%,4.65%,2.72%,$103.54,$176.89,$326.56,$849.07
The Warrior,a3ba65aa427077188e1ad7dbcbcafae266683ca9,120247233874600434,TWAR-Hasim-LP1 (Dusra janam),India || Meta || Android || Testing - CPS || Fantasy || Hindi || The Warrior | Author - Dayaram Prajapati || 349022 || GenAI || NA || 31 Jul 2026 || Short ||  || UGC ||  ||  ||  ||  TWAR-Hasim-LP1------Non Content VO-FM-Ex-Purchase-7-DAY-CLICK - Applied-Bid,https://drive.google.com/file/d/10hzrzaz5ipdIopQcS1U8a7eIG16b1XUM/view?usp=drive_link,21 Mins,161,"$3,253","$1,119","1,926",31.83%,0.61%,2.34%,0.21%,$0.010,$0.439,0.05%,0.00%,27.00%,3.43%,1.14%,0.00%,0.00%,"1,746",38.03%,2.53%,5.16%,4.24%,$0.044,$0.851,0.46%,0.06%,32.25%,11.40%,7.68%,20.18%,2.06%,0.40%,0.00%,226.11,,406.68,"3,253.40","1,436",39.14%,5.53%,6.34%,7.73%,0.09,1.36,0.84%,0.42%,33.43%,13.37%,10.38%,31.04%,4.53%,1.81%,1.04%,125.13,216.89,271.12,542.23,839,40.86%,13.69%,7.51%,10.13%,$0.17,$2.32,1.55%,0.95%,35.03%,15.73%,12.51%,35.71%,7.51%,4.88%,3.10%,$79.35,$125.13,$250.26,$406.68
The Warrior,a3ba65aa427077188e1ad7dbcbcafae266683ca9,120247381914580434,TWAR-Pranjali-LP7-Hasim-V1-Pallu-Hook,India || Meta || Android || Testing - CPS || Fantasy || Hindi || The Warrior | Author - Dayaram Prajapati || 349022 || GenAI || NA || 06 Aug 2026 || Short ||  || UGC ||  ||  ||  ||  TWAR-Pranjali-LP7-Hasim-V1-Pallu-Hook------Non Content VO-FM-Ex-Purchase-7-DAY-CLICK - Bid-Applied,https://drive.google.com/file/d/1fx5Qd0356cowahU27go9shkF1-xeVmFk/view,21 Mins,91,"$5,196","$1,119","5,449",26.74%,1.21%,2.77%,0.15%,$0.012,$0.416,0.04%,0.00%,23.12%,2.88%,1.14%,0.06%,0.00%,"4,465",32.72%,3.49%,5.42%,3.83%,$0.036,$0.658,0.27%,0.07%,28.82%,10.12%,7.46%,22.79%,1.81%,0.29%,0.07%,281.44,"1,219.55",432.96,"1,731.86","2,991",34.11%,7.33%,6.12%,7.22%,0.06,1.05,0.64%,0.17%,29.73%,11.87%,9.46%,31.83%,4.85%,1.54%,0.50%,112.95,346.37,273.45,"1,039.11",817,33.41%,29.18%,6.00%,9.79%,$0.18,$3.02,1.35%,0.98%,29.62%,13.34%,11.50%,38.84%,7.95%,5.02%,2.94%,$126.72,$216.48,$472.32,$649.45
The Warrior,a3ba65aa427077188e1ad7dbcbcafae266683ca9,120247518536290434,TWAR-Hasim-LP2-Akshay-V1-Hook-2,India || Meta || Android || Testing - CPS || Fantasy || Hindi || The Warrior | Author - Dayaram Prajapati || 349022 || GenAI || NA || 04 Aug 2026 || Short ||  || UGC ||  ||  ||  ||  TWAR-Hasim-LP2-Akshay-V1-Hook-2------Non Content VO-FM-Ex-Purchase-7-DAY-CLICK - Bid-Applied-18-24,https://drive.google.com/file/d/1grRVb_ms4SZRIN3t2lvw1qw81RGrKGa9/view?usp=drive_link,16 Mins,102,"$1,764","$1,119","1,656",29.05%,1.16%,2.42%,0.42%,$0.012,$0.510,0.06%,0.00%,24.94%,3.44%,1.75%,0.06%,0.00%,"1,344",33.93%,3.53%,5.51%,4.02%,$0.040,$0.727,0.30%,0.00%,30.51%,10.05%,7.66%,22.59%,2.23%,0.37%,0.22%,218.13,363.55,441.04,,726,35.83%,8.05%,6.75%,7.72%,0.07,1.06,0.96%,0.14%,32.11%,12.82%,11.30%,35.19%,5.24%,1.52%,0.28%,160.38,882.07,252.02,"1,764.14",45,28.62%,22.25%,13.21%,13.21%,$0.15,$1.11,2.20%,0.00%,24.22%,13.21%,11.01%,45.45%,11.01%,8.81%,0.00%,$441.03,,"$1,764.14",
The Warrior,a3ba65aa427077188e1ad7dbcbcafae266683ca9,120247577737320434,TWAR-Pranjali-LP8-Hasim-V1,India || Meta || Android || Scaling - CPS || Fantasy || Hindi || The Warrior | Author - Dayaram Prajapati || 349022 || GenAI || TWPKC || 13 Aug 2026 || Short ||  || Growth ||  ||  ||  ||  TWAR-Pranjali-LP8-Hasim-V1------Non Content VO-FM-Ex-Purchase-7-DAY-CLICK - Bid-Applied-18-24, TWAR-Pranjali-LP8-Hasim-V1_Logo.mp4,16 Mins,117,$905,"$1,119",737,35.13%,1.69%,2.31%,0.41%,$0.021,$0.900,0.14%,0.14%,30.65%,4.61%,2.31%,0.14%,0.00%,526,42.96%,5.36%,7.79%,6.84%,$0.077,$0.987,0.38%,0.19%,37.64%,15.40%,11.98%,27.88%,3.99%,0.95%,0.00%,75.06,,452.29,904.59,230,43.91%,4.20%,8.70%,11.74%,0.05,0.63,0.43%,0.00%,39.13%,17.83%,13.91%,35.56%,8.70%,2.17%,0.87%,180.92,452.29,904.59,,,,,,,,,,,,,,,,,,,,,